id,data_inversa,dia_semana,horário,uf,br,km,município,causa_acidente,tipo_acidente,classificacao_acidente,fase_dia,sentido_via,condicao_metereologica,tipo_pista,tracado_via,uso_solo,pessoas,mortos,feridos_leves,feridos_graves,ilesos,ignorados,feridos,veículos,latitude,longitude,regional,delegacia,uop
200517,01/04/19,segunda-feira,07:45:00,PB,230,26,JOÃO PESSOA,Falta de Atenção à Condução,Colisão traseira,Com Vítimas Feridas,Pleno dia,Decrescente,Chuva,Dupla,Reta,Sim,2,0,1,0,1,0,1,2,"-7,1693","-34,8782",SR-PB,DEL14/1,UOP01/PB
200527,01/04/19,segunda-feira,08:40:00,PB,230,"68,5",SOBRADO,Velocidade Incompatível,Saída de leito carroçável,Sem Vítimas,Pleno dia,Decrescente,Chuva,Dupla,Não Informado,Não,1,0,0,0,1,0,0,1,"-7,18845","-35,21363",SR-PB,DEL14/1,UOP02/PB
200555,01/04/19,segunda-feira,11:00:00,PB,230,"137,1",CAMPINA GRANDE,Pista Escorregadia,Colisão com objeto estático,Com Vítimas Feridas,Pleno dia,Decrescente,Chuva,Dupla,Curva,Não,3,0,2,0,1,0,2,1,"-7,2766","-35,7739",SR-PB,DEL14/2,UOP01/PB
200615,01/04/19,segunda-feira,18:30:00,PB,101,"34,2",MAMANGUAPE,Ingestão de álcool,Colisão com objeto estático,Sem Vítimas,Plena Noite,Decrescente,Nublado,Dupla,Retorno Regulamentado,Não,1,0,0,0,1,0,0,1,"-6,785339","-35,13428",SR-PB,DEL14/1,UOP03/PB
200658,01/04/19,segunda-feira,20:10:00,PB,230,"227,2",SOLEDADE,Animais na Pista,Atropelamento de Animal,Com Vítimas Feridas,Plena Noite,Decrescente,Céu Claro,Simples,Reta,Não,1,0,1,0,0,0,1,1,"-7,0364","-36,4587",SR-PB,DEL14/2,UOP02/PB
200678,02/04/19,terça-feira,04:30:00,PB,230,"162,5",CAMPINA GRANDE,Animais na Pista,Atropelamento de Animal,Com Vítimas Feridas,Amanhecer,Crescente,Nevoeiro/Neblina,Simples,Curva,Sim,1,0,1,0,0,0,1,1,"-7,2277","-35,9439",SR-PB,DEL14/2,UOP01/PB
200727,02/04/19,terça-feira,10:50:00,PB,101,85,BAYEUX,Animais na Pista,Queda de ocupante de veículo,Com Vítimas Feridas,Pleno dia,Decrescente,Céu Claro,Dupla,Reta,Sim,1,0,0,1,0,0,1,1,"-7,145382","-34,91663",SR-PB,DEL14/1,UOP01/PB
200735,02/04/19,terça-feira,12:10:00,PB,101,"40,6",MAMANGUAPE,Avarias e/ou desgaste excessivo no pneu,Tombamento,Com Vítimas Feridas,Pleno dia,Decrescente,Sol,Dupla,Reta,Sim,2,0,2,0,0,0,2,1,"-6,842089","-35,13605",SR-PB,DEL14/1,UOP03/PB
200780,02/04/19,terça-feira,17:50:00,PB,101,"97,4",ALHANDRA,Desobediência Às normas de trânsito pelo pedestre,Atropelamento de Pedestre,Com Vítimas Fatais,Anoitecer,Crescente,Céu Claro,Dupla,Curva,Sim,2,1,0,0,0,1,0,1,"-7,243838","-34,92984",SR-PB,DEL14/1,UOP01/PB
200862,03/04/19,quarta-feira,07:45:00,PB,230,23,JOÃO PESSOA,Velocidade Incompatível,Colisão traseira,Com Vítimas Feridas,Pleno dia,Decrescente,Sol,Dupla,Reta,Sim,2,0,2,0,0,0,2,2,"-7,158317","-34,85832",SR-PB,DEL14/1,UOP01/PB
200924,03/04/19,quarta-feira,14:30:00,PB,230,"338,7",PATOS,Condutor Dormindo,Colisão com objeto estático,Com Vítimas Feridas,Pleno dia,Decrescente,Céu Claro,Simples,Curva,Sim,1,0,1,0,0,0,1,1,"-7,008897","-37,29601",SR-PB,DEL14/3,UOP01/PB
200957,03/04/19,quarta-feira,18:20:00,PB,230,26,JOÃO PESSOA,Ingestão de álcool,Colisão lateral,Com Vítimas Feridas,Plena Noite,Crescente,Nublado,Múltipla,Reta,Sim,3,0,2,0,1,0,2,2,"-7,1693","-34,8782",SR-PB,DEL14/1,UOP01/PB
201015,04/04/19,quinta-feira,00:05:00,PB,230,7,CABEDELO,Falta de Atenção à Condução,Colisão lateral,Com Vítimas Feridas,Plena Noite,Decrescente,Céu Claro,Dupla,Reta,Sim,2,0,1,0,0,1,1,2,"-7,026","-34,8385",SR-PB,DEL14/1,UOP01/PB
201040,04/04/19,quinta-feira,07:20:00,PB,230,23,JOÃO PESSOA,Defeito Mecânico no Veículo,Colisão traseira,Sem Vítimas,Pleno dia,Decrescente,Sol,Dupla,Reta,Sim,2,0,0,0,2,0,0,2,"-7,1562","-34,8574",SR-PB,DEL14/1,UOP01/PB
201090,04/04/19,quinta-feira,12:50:00,PB,101,"89,9",JOÃO PESSOA,Desobediência às normas de trânsito pelo condutor,Colisão transversal,Com Vítimas Feridas,Pleno dia,Crescente,Sol,Dupla,Retorno Regulamentado,Sim,2,0,0,1,1,0,1,2,"-7,177965","-34,89986",SR-PB,DEL14/1,UOP01/PB
201111,04/04/19,quinta-feira,15:45:00,PB,104,"115,5",LAGOA SECA,Não guardar distância de segurança,Colisão traseira,Com Vítimas Feridas,Pleno dia,Crescente,Céu Claro,Simples,Reta,Não,2,0,1,0,1,0,1,2,"-7,172018","-35,85983",SR-PB,DEL14/2,UOP04/PB
201333,05/04/19,sexta-feira,16:30:00,PB,104,"129,6",CAMPINA GRANDE,Falta de Atenção do Pedestre,Atropelamento de Pedestre,Com Vítimas Feridas,Pleno dia,Decrescente,Nublado,Dupla,Retorno Regulamentado,Não,2,0,2,0,0,0,2,1,"-7,277442","-35,88856",SR-PB,DEL14/2,UOP01/PB
201373,05/04/19,sexta-feira,18:00:00,PB,230,"5,3",CABEDELO,Velocidade Incompatível,Colisão com objeto estático,Com Vítimas Feridas,Plena Noite,Decrescente,Céu Claro,Dupla,Túnel,Sim,1,0,1,0,0,0,1,1,"-7,01","-34,8312",SR-PB,DEL14/1,UOP01/PB
239180,05/04/19,sexta-feira,09:00:00,PB,104,"87,1",REMIGIO,Falta de Atenção à Condução,Colisão transversal,Sem Vítimas,Pleno dia,Crescente,Céu Claro,Simples,Reta,Sim,2,0,0,0,0,2,0,2,"-6,96481","-35,79803",SR-PB,DEL14/2,UOP04/PB
201497,06/04/19,sábado,07:15:00,PB,230,31,JOÃO PESSOA,Condutor Dormindo,Colisão lateral,Sem Vítimas,Pleno dia,Crescente,Chuva,Dupla,Reta,Não,2,0,0,0,1,1,0,2,"-7,1484","-34,9129",SR-PB,DEL14/1,UOP01/PB
201582,06/04/19,sábado,12:50:00,PB,230,35,SANTA RITA,Velocidade Incompatível,Colisão lateral,Sem Vítimas,Pleno dia,Decrescente,Céu Claro,Dupla,Curva,Sim,2,0,0,0,2,0,0,2,"-7,1268","-34,9412",SR-PB,DEL14/1,UOP03/PB
201600,06/04/19,sábado,16:40:00,PB,230,"11,2",CABEDELO,Velocidade Incompatível,Colisão traseira,Sem Vítimas,Pleno dia,Decrescente,Céu Claro,Múltipla,Retorno Regulamentado,Sim,2,0,0,0,2,0,0,2,"-7,0596","-34,8506",SR-PB,DEL14/1,UOP01/PB
201671,06/04/19,sábado,22:15:00,PB,230,160,CAMPINA GRANDE,Desobediência às normas de trânsito pelo condutor,Colisão transversal,Sem Vítimas,Plena Noite,Crescente,Céu Claro,Simples,Interseção de vias,Sim,2,0,0,0,1,1,0,2,"-7,2436","-35,9375",SR-PB,DEL14/2,UOP01/PB
201674,06/04/19,sábado,22:10:00,PB,101,"84,4",BAYEUX,Falta de Atenção à Condução,Colisão com objeto estático,Com Vítimas Feridas,Plena Noite,Crescente,Nublado,Dupla,Reta,Sim,2,0,2,0,0,0,2,2,"-7,14269","-34,91968",SR-PB,DEL14/1,UOP01/PB
201720,07/04/19,domingo,03:15:00,PB,230,"166,8",CAMPINA GRANDE,Ingestão de álcool,Saída de leito carroçável,Com Vítimas Feridas,Plena Noite,Crescente,Nublado,Simples,Reta,Sim,2,0,2,0,0,0,2,1,"-7,1976","-35,955",SR-PB,DEL14/2,UOP02/PB
201810,07/04/19,domingo,12:45:00,PB,101,95,CONDE,Ingestão de álcool,Colisão traseira,Com Vítimas Feridas,Pleno dia,Decrescente,Céu Claro,Dupla,Reta,Não,2,0,1,0,0,1,1,2,"-7,223794","-34,91488",SR-PB,DEL14/1,UOP01/PB
201834,07/04/19,domingo,13:55:00,PB,230,"137,9",CAMPINA GRANDE,Velocidade Incompatível,Saída de leito carroçável,Com Vítimas Feridas,Pleno dia,Decrescente,Nublado,Dupla,Curva,Não,2,0,2,0,0,0,2,1,"-7,271112","-35,78647",SR-PB,DEL14/2,UOP01/PB
201852,07/04/19,domingo,16:55:00,PB,230,"15,1",CABEDELO,Não guardar distância de segurança,Engavetamento,Com Vítimas Feridas,Pleno dia,Crescente,Céu Claro,Dupla,Reta,Sim,6,0,1,0,4,1,1,4,"-7,093","-34,8482",SR-PB,DEL14/1,UOP01/PB
201905,07/04/19,domingo,19:30:00,PB,230,"337,1",PATOS,Ingestão de álcool,Colisão frontal,Com Vítimas Feridas,Plena Noite,Crescente,Chuva,Simples,Interseção de vias,Sim,2,0,1,0,1,0,1,2,"-7,0084","-37,2829",SR-PB,DEL14/3,UOP01/PB
202030,08/04/19,segunda-feira,09:30:00,PB,230,20,JOÃO PESSOA,Falta de Atenção à Condução,Colisão lateral,Sem Vítimas,Pleno dia,Crescente,Céu Claro,Dupla,Reta,Sim,2,0,0,0,2,0,0,2,"-7,1337","-34,8544",SR-PB,DEL14/1,UOP01/PB
202066,08/04/19,segunda-feira,12:45:00,PB,104,"132,3",CAMPINA GRANDE,Desobediência às normas de trânsito pelo condutor,Colisão transversal,Com Vítimas Feridas,Pleno dia,Crescente,Céu Claro,Simples,Interseção de vias,Sim,2,0,1,0,1,0,1,2,"-7,307876","-35,89344",SR-PB,DEL14/2,UOP03/PB
202172,08/04/19,segunda-feira,23:10:00,PB,230,"25,9",JOÃO PESSOA,Falta de Atenção à Condução,Colisão com objeto estático,Com Vítimas Feridas,Plena Noite,Decrescente,Céu Claro,Dupla,Reta,Sim,1,0,1,0,0,0,1,1,"-7,169148","-34,88039",SR-PB,DEL14/1,UOP01/PB
202228,09/04/19,terça-feira,11:20:00,PB,101,"98,3",CONDE,Falta de Atenção à Condução,Colisão traseira,Com Vítimas Feridas,Pleno dia,Decrescente,Sol,Dupla,Reta,Não,3,0,2,0,1,0,2,2,"-7,246923","-34,93114",SR-PB,DEL14/1,UOP01/PB
202325,09/04/19,terça-feira,21:30:00,PB,230,"23,5",JOÃO PESSOA,Não guardar distância de segurança,Colisão lateral,Com Vítimas Feridas,Plena Noite,Crescente,Vento,Dupla,Reta,Sim,3,0,2,0,1,0,2,2,"-7,1562","-34,8574",SR-PB,DEL14/1,UOP01/PB
202550,11/04/19,quinta-feira,08:20:00,PB,230,"20,2",JOÃO PESSOA,Falta de Atenção à Condução,Colisão traseira,Sem Vítimas,Pleno dia,Decrescente,Céu Claro,Dupla,Reta,Não,2,0,0,0,2,0,0,2,"-7,1337","-34,8544",SR-PB,DEL14/1,UOP01/PB
202554,11/04/19,quinta-feira,08:10:00,PB,230,"130,1",MASSARANDUBA,Falta de Atenção à Condução,Atropelamento de Pedestre,Com Vítimas Fatais,Pleno dia,Crescente,Céu Claro,Dupla,Reta,Não,2,1,0,0,0,1,0,1,"-7,2685","-35,7213",SR-PB,DEL14/2,UOP01/PB
202616,11/04/19,quinta-feira,15:35:00,PB,230,"0,2",CABEDELO,Não guardar distância de segurança,Colisão lateral,Sem Vítimas,Pleno dia,Crescente,Céu Claro,Simples,Reta,Sim,2,0,0,0,2,0,0,2,"-6,9711","-34,8382",SR-PB,DEL14/1,UOP01/PB
202626,11/04/19,quinta-feira,17:42:00,PB,230,12,CABEDELO,Velocidade Incompatível,Colisão traseira,Com Vítimas Feridas,Plena Noite,Crescente,Céu Claro,Dupla,Reta,Sim,3,0,2,0,1,0,2,2,"-7,082665","-34,84895",SR-PB,DEL14/1,UOP01/PB
202776,12/04/19,sexta-feira,13:30:00,PB,230,77,RIACHÃO DO POCO,Defeito Mecânico no Veículo,Saída de leito carroçável,Sem Vítimas,Pleno dia,Decrescente,Nublado,Dupla,Reta,Não,1,0,0,0,1,0,0,1,"-7,1869","-35,2871",SR-PB,DEL14/1,UOP02/PB
202835,12/04/19,sexta-feira,17:25:00,PB,230,14,JOÃO PESSOA,Falta de Atenção à Condução,Colisão traseira,Com Vítimas Feridas,Anoitecer,Decrescente,Nublado,Dupla,Viaduto,Sim,3,0,1,0,2,0,1,2,"-7,0844","-34,8488",SR-PB,DEL14/1,UOP01/PB
202852,12/04/19,sexta-feira,19:00:00,PB,230,14,JOÃO PESSOA,Não guardar distância de segurança,Engavetamento,Sem Vítimas,Plena Noite,Decrescente,Nublado,Dupla,Não Informado,Sim,3,0,0,0,3,0,0,3,"-7,0844","-34,8488",SR-PB,DEL14/1,UOP01/PB
202887,12/04/19,sexta-feira,21:20:00,PB,230,13,CABEDELO,Falta de Atenção à Condução,Saída de leito carroçável,Com Vítimas Feridas,Plena Noite,Decrescente,Céu Claro,Dupla,Não Informado,Sim,2,0,1,0,0,1,1,2,"-7,0772","-34,8494",SR-PB,DEL14/1,UOP01/PB
202942,13/04/19,sábado,04:30:00,PB,230,11,CABEDELO,Desobediência às normas de trânsito pelo condutor,Colisão lateral,Sem Vítimas,Amanhecer,Decrescente,Nublado,Dupla,Reta,Sim,2,0,0,0,2,0,0,2,"-7,064534","-34,85025",SR-PB,DEL14/1,UOP01/PB
202986,13/04/19,sábado,08:23:00,PB,101,123,CAAPORA,Velocidade Incompatível,Saída de leito carroçável,Sem Vítimas,Pleno dia,Crescente,Nevoeiro/Neblina,Dupla,Reta,Não,1,0,0,0,1,0,0,1,"-7,476168","-34,97864",SR-PB,DEL14/1,UOP01/PB
203006,13/04/19,sábado,12:30:00,PB,230,33,BAYEUX,Falta de Atenção à Condução,Colisão lateral,Com Vítimas Feridas,Pleno dia,Crescente,Céu Claro,Dupla,Interseção de vias,Sim,2,0,0,1,1,0,1,2,"-7,1366","-34,9264",SR-PB,DEL14/1,UOP01/PB
203043,13/04/19,sábado,16:45:00,PB,101,95,CONDE,Falta de Atenção à Condução,Colisão com objeto estático,Com Vítimas Feridas,Pleno dia,Decrescente,Chuva,Dupla,Curva,Não,1,0,1,0,0,0,1,1,"-7,223794","-34,91488",SR-PB,DEL14/1,UOP01/PB
203085,13/04/19,sábado,19:20:00,PB,230,2,CABEDELO,Desobediência às normas de trânsito pelo condutor,Colisão transversal,Com Vítimas Feridas,Plena Noite,Crescente,Céu Claro,Simples,Reta,Não,2,0,1,0,1,0,1,2,"-6,9837","-34,8295",SR-PB,DEL14/1,UOP01/PB
203160,14/04/19,domingo,03:35:00,PB,230,"29,5",JOÃO PESSOA,Falta de Atenção do Pedestre,Atropelamento de Pedestre,Com Vítimas Feridas,Plena Noite,Decrescente,Nublado,Dupla,Reta,Sim,2,0,0,1,1,0,1,1,"-7,1622","-34,9031",SR-PB,DEL14/1,UOP01/PB
203249,14/04/19,domingo,12:25:00,PB,101,93,JOÃO PESSOA,Falta de Atenção à Condução,Colisão com objeto estático,Com Vítimas Feridas,Pleno dia,Crescente,Céu Claro,Dupla,Retorno Regulamentado,Sim,1,0,1,0,0,0,1,1,"-7,205825","-34,90879",SR-PB,DEL14/1,UOP01/PB
203340,14/04/19,domingo,18:15:00,PB,230,390,SÃO BENTINHO,Ingestão de álcool,Colisão frontal,Com Vítimas Feridas,Plena Noite,Decrescente,Céu Claro,Simples,Reta,Sim,2,0,0,2,0,0,2,2,"-6,89116","-37,72388",SR-PB,DEL14/3,UOP02/PB
203368,14/04/19,domingo,21:20:00,PB,104,"87,5",REMIGIO,Ingestão de álcool,Colisão com objeto estático,Com Vítimas Feridas,Plena Noite,Decrescente,Céu Claro,Simples,Curva,Sim,1,0,1,0,0,0,1,1,"-6,96481","-35,79803",SR-PB,DEL14/2,UOP04/PB
203390,15/04/19,segunda-feira,00:30:00,PB,230,137,MASSARANDUBA,Avarias e/ou desgaste excessivo no pneu,Saída de leito carroçável,Com Vítimas Feridas,Plena Noite,Decrescente,Céu Claro,Dupla,Curva,Não,2,0,2,0,0,0,2,1,"-7,2766","-35,7739",SR-PB,DEL14/2,UOP01/PB
203397,15/04/19,segunda-feira,03:55:00,PB,230,39,SANTA RITA,Falta de Atenção à Condução,Saída de leito carroçável,Com Vítimas Feridas,Plena Noite,Decrescente,Céu Claro,Dupla,Reta,Não,1,0,0,1,0,0,1,1,"-7,1381","-34,9707",SR-PB,DEL14/1,UOP02/PB
203412,15/04/19,segunda-feira,07:10:00,PB,230,23,JOÃO PESSOA,Desobediência às normas de trânsito pelo condutor,Colisão lateral,Com Vítimas Feridas,Pleno dia,Decrescente,Céu Claro,Dupla,Reta,Não,2,0,2,0,0,0,2,2,"-7,1562","-34,8574",SR-PB,DEL14/1,UOP01/PB
203447,15/04/19,segunda-feira,09:00:00,PB,230,"277,3",SANTA LUZIA,Condutor Dormindo,Saída de leito carroçável,Com Vítimas Feridas,Pleno dia,Crescente,Céu Claro,Simples,Curva,Não,1,0,1,0,0,0,1,1,"-6,9579","-36,8398",SR-PB,DEL14/3,UOP01/PB
203466,15/04/19,segunda-feira,10:00:00,PB,104,"110,4",LAGOA SECA,Não guardar distância de segurança,Colisão traseira,Com Vítimas Feridas,Pleno dia,Crescente,Céu Claro,Simples,Não Informado,Não,2,0,2,0,0,0,2,2,"-7,128448","-35,86085",SR-PB,DEL14/2,UOP04/PB
203543,15/04/19,segunda-feira,17:50:00,PB,230,152,CAMPINA GRANDE,Defeito Mecânico no Veículo,Colisão traseira,Com Vítimas Fatais,Plena Noite,Crescente,Nublado,Simples,Não Informado,Sim,3,1,0,1,1,0,1,3,"-7,2688","-35,8837",SR-PB,DEL14/2,UOP01/PB
203548,15/04/19,segunda-feira,19:20:00,PB,361,"57,5",OLHO DAGUA,Animais na Pista,Atropelamento de Animal,Sem Vítimas,Plena Noite,Crescente,Céu Claro,Simples,Reta,Não,3,0,0,0,3,0,0,1,"-7,180084","-37,70681",SR-PB,DEL14/3,UOP01/PB
208166,15/04/19,segunda-feira,11:00:00,PB,230,450,APARECIDA,Falta de Atenção à Condução,Saída de leito carroçável,Com Vítimas Feridas,Pleno dia,Crescente,Céu Claro,Simples,Reta,Sim,3,0,1,0,2,0,1,1,"-6,786863","-38,07623",SR-PB,DEL14/3,UOP03/PB
234359,15/04/19,segunda-feira,12:00:00,PB,104,"147,9",QUEIMADAS,Falta de Atenção à Condução,Colisão transversal,Com Vítimas Feridas,Pleno dia,Decrescente,Céu Claro,Simples,Reta,Não,2,0,2,0,0,0,2,2,"-7,439395","-35,90184",SR-PB,DEL14/2,UOP03/PB
203704,16/04/19,terça-feira,18:00:00,PB,230,"228,3",SOLEDADE,Deficiência ou não Acionamento do Sistema de Iluminação/Sinalizção do Veículo,Colisão traseira,Com Vítimas Fatais,Plena Noite,Decrescente,Céu Claro,Simples,Reta,Não,4,2,0,1,1,0,1,2,"-7,0358","-36,4681",SR-PB,DEL14/2,UOP02/PB
203727,16/04/19,terça-feira,20:55:00,PB,101,89,JOÃO PESSOA,Desobediência às normas de trânsito pelo condutor,Colisão frontal,Com Vítimas Feridas,Plena Noite,Decrescente,Céu Claro,Dupla,Reta,Sim,2,0,1,0,1,0,1,2,"-7,171069","-34,89765",SR-PB,DEL14/1,UOP01/PB
208016,16/04/19,terça-feira,07:33:00,PB,230,"21,2",JOÃO PESSOA,Não guardar distância de segurança,Colisão traseira,Com Vítimas Feridas,Pleno dia,Decrescente,Céu Claro,Dupla,Reta,Não,2,0,1,0,1,0,1,2,"-7,1415","-34,8519",SR-PB,DEL14/1,UOP01/PB
203772,17/04/19,quarta-feira,05:00:00,PB,230,"156,8",CAMPINA GRANDE,Falta de Atenção à Condução,Colisão transversal,Com Vítimas Feridas,Amanhecer,Decrescente,Céu Claro,Simples,Interseção de vias,Sim,2,0,0,1,1,0,1,2,"-7,2693","-35,9138",SR-PB,DEL14/2,UOP01/PB
203776,17/04/19,quarta-feira,07:00:00,PB,101,"87,7",BAYEUX,Falta de Atenção à Condução,Colisão transversal,Com Vítimas Feridas,Pleno dia,Crescente,Sol,Dupla,Interseção de vias,Sim,3,0,0,1,0,2,1,2,"-7,158868","-34,90629",SR-PB,DEL14/1,UOP01/PB
203788,17/04/19,quarta-feira,07:56:00,PB,230,"22,7",JOÃO PESSOA,Não guardar distância de segurança,Engavetamento,Com Vítimas Feridas,Pleno dia,Decrescente,Céu Claro,Dupla,Reta,Sim,4,0,2,0,2,0,2,4,"-7,1495","-34,8517",SR-PB,DEL14/1,UOP01/PB
203790,17/04/19,quarta-feira,08:15:00,PB,230,35,SANTA RITA,Ingestão de álcool e/ou substâncias psicoativas pelo pedestre,Colisão traseira,Sem Vítimas,Pleno dia,Crescente,Céu Claro,Dupla,Interseção de vias,Sim,3,0,0,0,3,0,0,2,"-7,1268","-34,9412",SR-PB,DEL14/1,UOP03/PB
203791,17/04/19,quarta-feira,08:25:00,PB,230,"77,6",RIACHÃO DO POCO,Defeito na Via,Capotamento,Com Vítimas Feridas,Pleno dia,Crescente,Céu Claro,Dupla,Reta,Não,2,0,1,0,1,0,1,1,"-7,183015","-35,30295",SR-PB,DEL14/1,UOP02/PB
203855,17/04/19,quarta-feira,13:00:00,PB,230,133,CAMPINA GRANDE,Velocidade Incompatível,Saída de leito carroçável,Com Vítimas Feridas,Pleno dia,Crescente,Chuva,Dupla,Curva,Não,1,0,1,0,0,0,1,1,"-7,2767","-35,7464",SR-PB,DEL14/2,UOP01/PB
203857,17/04/19,quarta-feira,14:43:00,PB,230,14,CABEDELO,Falta de Atenção à Condução,Colisão traseira,Sem Vítimas,Pleno dia,Decrescente,Céu Claro,Dupla,Reta,Sim,2,0,0,0,2,0,0,2,"-7,0844","-34,8488",SR-PB,DEL14/1,UOP01/PB
203954,17/04/19,quarta-feira,18:40:00,PB,230,"279,7",SANTA LUZIA,Pista Escorregadia,Engavetamento,Sem Vítimas,Plena Noite,Crescente,Chuva,Simples,Reta,Não,4,0,0,0,4,0,0,4,"-6,9448","-36,8453",SR-PB,DEL14/3,UOP01/PB
203957,17/04/19,quarta-feira,23:40:00,PB,230,10,CABEDELO,Desobediência às normas de trânsito pelo condutor,Colisão traseira,Sem Vítimas,Plena Noite,Decrescente,Céu Claro,Dupla,Reta,Sim,2,0,0,0,2,0,0,2,"-7,0514","-34,8499",SR-PB,DEL14/1,UOP01/PB
204028,18/04/19,quinta-feira,10:20:00,PB,230,"116,9",INGÁ,Desobediência às normas de trânsito pelo condutor,Colisão transversal,Sem Vítimas,Pleno dia,Crescente,Sol,Dupla,Não Informado,Não,2,0,0,0,2,0,0,2,"-7,240352","-35,61981",SR-PB,DEL14/1,UOP02/PB
204107,18/04/19,quinta-feira,15:15:00,PB,230,170,CAMPINA GRANDE,Falta de Atenção à Condução,Colisão traseira,Com Vítimas Feridas,Pleno dia,Crescente,Céu Claro,Simples,Reta,Sim,2,0,1,0,0,1,1,2,"-7,1806","-35,9873",SR-PB,DEL14/2,UOP02/PB
204256,19/04/19,sexta-feira,05:45:00,PB,230,"7,2",CABEDELO,Falta de Atenção à Condução,Saída de leito carroçável,Sem Vítimas,Amanhecer,Decrescente,Céu Claro,Dupla,Não Informado,Sim,1,0,0,0,1,0,0,1,"-7,026","-34,8385",SR-PB,DEL14/1,UOP01/PB
204432,20/04/19,sábado,07:30:00,PB,101,122,CAAPORA,Ultrapassagem Indevida,Colisão lateral,Com Vítimas Feridas,Pleno dia,Crescente,Nublado,Dupla,Reta,Não,2,0,1,0,1,0,1,2,"-7,450382","-34,97994",SR-PB,DEL14/1,UOP01/PB
204439,20/04/19,sábado,10:00:00,PB,230,"28,1",JOÃO PESSOA,Fenômenos da Natureza,Colisão com objeto estático,Com Vítimas Feridas,Pleno dia,Decrescente,Chuva,Dupla,Viaduto,Não,2,0,2,0,0,0,2,1,"-7,1651","-34,8941",SR-PB,DEL14/1,UOP01/PB
204447,20/04/19,sábado,09:30:00,PB,230,28,JOÃO PESSOA,Falta de Atenção à Condução,Colisão transversal,Com Vítimas Feridas,Pleno dia,Decrescente,Chuva,Dupla,Reta,Sim,2,0,1,0,1,0,1,2,"-7,1651","-34,8941",SR-PB,DEL14/1,UOP01/PB
204466,20/04/19,sábado,13:40:00,PB,101,123,CAAPORA,Pista Escorregadia,Colisão com objeto estático,Com Vítimas Feridas,Pleno dia,Crescente,Chuva,Dupla,Curva,Não,2,0,0,1,1,0,1,1,"-7,459091","-34,9805",SR-PB,DEL14/1,UOP01/PB
204514,20/04/19,sábado,18:40:00,PB,361,"26,1",SANTA TERESINHA,Animais na Pista,Saída de leito carroçável,Com Vítimas Feridas,Plena Noite,Crescente,Nublado,Simples,Reta,Não,2,0,0,2,0,0,2,1,"-7,086536","-37,47464",SR-PB,DEL14/3,UOP01/PB